page	image
001	cropped_nethack_uncropped_cover.png
002	cropped_nethack_uncropped_openpages_1_2_3-1_left.png
003	cropped_nethack_uncropped_openpages_1_2_3-1_right.png
004	cropped_nethack_uncropped_openpages_1_2_3-2.png
005	cropped_nethack_uncropped_tocpage-1.png
006	cropped_nethack_uncropped_tocpage-2.png
007	cropped_nethack_uncropped_both_sides_ordered-001.png
008	cropped_nethack_uncropped_both_sides_ordered-002.png
009	cropped_nethack_uncropped_both_sides_ordered-003.png
010	cropped_nethack_uncropped_both_sides_ordered-004.png
011	cropped_nethack_uncropped_both_sides_ordered-005.png
012	cropped_nethack_uncropped_both_sides_ordered-006.png
013	cropped_nethack_uncropped_both_sides_ordered-007.png
014	cropped_nethack_uncropped_both_sides_ordered-008.png
015	cropped_nethack_uncropped_both_sides_ordered-009.png
016	cropped_nethack_uncropped_both_sides_ordered-010.png
017	cropped_nethack_uncropped_both_sides_ordered-011.png
018	cropped_nethack_uncropped_both_sides_ordered-012.png
019	cropped_nethack_uncropped_both_sides_ordered-013.png
020	cropped_nethack_uncropped_both_sides_ordered-014.png
021	cropped_nethack_uncropped_both_sides_ordered-015.png
022	cropped_nethack_uncropped_both_sides_ordered-016.png
023	cropped_nethack_uncropped_both_sides_ordered-017.png
024	cropped_nethack_uncropped_both_sides_ordered-018.png
025	cropped_nethack_uncropped_both_sides_ordered-019.png
026	cropped_nethack_uncropped_both_sides_ordered-020.png
027	cropped_nethack_uncropped_both_sides_ordered-021.png
028	cropped_nethack_uncropped_both_sides_ordered-022.png
029	cropped_nethack_uncropped_both_sides_ordered-023.png
030	cropped_nethack_uncropped_both_sides_ordered-024.png
031	cropped_nethack_uncropped_both_sides_ordered-025.png
032	cropped_nethack_uncropped_both_sides_ordered-026.png
033	cropped_nethack_uncropped_both_sides_ordered-027.png
034	cropped_nethack_uncropped_both_sides_ordered-028.png
035	cropped_nethack_uncropped_both_sides_ordered-029.png
036	cropped_nethack_uncropped_both_sides_ordered-030.png
037	cropped_nethack_uncropped_both_sides_ordered-031.png
038	cropped_nethack_uncropped_both_sides_ordered-032.png
039	cropped_nethack_uncropped_both_sides_ordered-033.png
040	cropped_nethack_uncropped_both_sides_ordered-034.png
041	cropped_nethack_uncropped_both_sides_ordered-035.png
042	cropped_nethack_uncropped_both_sides_ordered-036.png
043	cropped_nethack_uncropped_both_sides_ordered-037.png
044	cropped_nethack_uncropped_both_sides_ordered-038.png
045	cropped_nethack_uncropped_both_sides_ordered-039.png
046	cropped_nethack_uncropped_both_sides_ordered-040.png
047	cropped_nethack_uncropped_both_sides_ordered-041.png
048	cropped_nethack_uncropped_both_sides_ordered-042.png
049	cropped_nethack_uncropped_both_sides_ordered-043.png
050	cropped_nethack_uncropped_both_sides_ordered-044.png
051	cropped_nethack_uncropped_both_sides_ordered-045.png
052	cropped_nethack_uncropped_both_sides_ordered-046.png
053	cropped_nethack_uncropped_both_sides_ordered-047.png
054	cropped_nethack_uncropped_both_sides_ordered-048.png
055	cropped_nethack_uncropped_both_sides_ordered-049.png
056	cropped_nethack_uncropped_both_sides_ordered-050.png
057	cropped_nethack_uncropped_both_sides_ordered-051.png
058	cropped_nethack_uncropped_both_sides_ordered-052.png
059	cropped_nethack_uncropped_both_sides_ordered-053.png
060	cropped_nethack_uncropped_both_sides_ordered-054.png
061	cropped_nethack_uncropped_both_sides_ordered-055.png
062	cropped_nethack_uncropped_both_sides_ordered-056.png
063	cropped_nethack_uncropped_both_sides_ordered-057.png
064	cropped_nethack_uncropped_both_sides_ordered-058.png
065	cropped_nethack_uncropped_both_sides_ordered-059.png
066	cropped_nethack_uncropped_both_sides_ordered-060.png
067	cropped_nethack_uncropped_both_sides_ordered-061.png
068	cropped_nethack_uncropped_both_sides_ordered-062.png
069	cropped_nethack_uncropped_both_sides_ordered-063.png
070	cropped_nethack_uncropped_both_sides_ordered-064.png
071	cropped_nethack_uncropped_both_sides_ordered-065.png
072	cropped_nethack_uncropped_both_sides_ordered-066.png
073	cropped_nethack_uncropped_both_sides_ordered-067.png
074	cropped_nethack_uncropped_both_sides_ordered-068.png
075	cropped_nethack_uncropped_both_sides_ordered-069.png
076	cropped_nethack_uncropped_both_sides_ordered-070.png
077	cropped_nethack_uncropped_both_sides_ordered-071.png
078	cropped_nethack_uncropped_both_sides_ordered-072.png
079	cropped_nethack_uncropped_both_sides_ordered-073.png
080	cropped_nethack_uncropped_both_sides_ordered-074.png
081	cropped_nethack_uncropped_both_sides_ordered-075.png
082	cropped_nethack_uncropped_both_sides_ordered-076.png
083	cropped_nethack_uncropped_both_sides_ordered-077.png
084	cropped_nethack_uncropped_both_sides_ordered-078.png
085	cropped_nethack_uncropped_both_sides_ordered-079.png
086	cropped_nethack_uncropped_both_sides_ordered-080.png
087	cropped_nethack_uncropped_both_sides_ordered-081.png
088	cropped_nethack_uncropped_both_sides_ordered-082.png
089	cropped_nethack_uncropped_both_sides_ordered-083.png
090	cropped_nethack_uncropped_both_sides_ordered-084.png
091	cropped_nethack_uncropped_both_sides_ordered-085.png
092	cropped_nethack_uncropped_both_sides_ordered-086.png
093	cropped_nethack_uncropped_both_sides_ordered-087.png
094	cropped_nethack_uncropped_both_sides_ordered-088.png
095	cropped_nethack_uncropped_both_sides_ordered-089.png
096	cropped_nethack_uncropped_both_sides_ordered-090.png
097	cropped_nethack_uncropped_both_sides_ordered-091.png
098	cropped_nethack_uncropped_both_sides_ordered-092.png
099	cropped_nethack_uncropped_both_sides_ordered-093.png
100	cropped_nethack_uncropped_both_sides_ordered-094.png
101	cropped_nethack_uncropped_both_sides_ordered-095.png
102	cropped_nethack_uncropped_both_sides_ordered-096.png
103	cropped_nethack_uncropped_both_sides_ordered-097.png
104	cropped_nethack_uncropped_both_sides_ordered-098.png
105	cropped_nethack_uncropped_both_sides_ordered-099.png
106	cropped_nethack_uncropped_both_sides_ordered-100.png
107	cropped_nethack_uncropped_both_sides_ordered-101.png
108	cropped_nethack_uncropped_both_sides_ordered-102.png
109	cropped_nethack_uncropped_both_sides_ordered-103.png
110	cropped_nethack_uncropped_both_sides_ordered-104.png
111	cropped_nethack_uncropped_both_sides_ordered-105.png
112	cropped_nethack_uncropped_both_sides_ordered-106.png
113	cropped_nethack_uncropped_both_sides_ordered-107.png
114	cropped_nethack_uncropped_both_sides_ordered-108.png
115	cropped_nethack_uncropped_both_sides_ordered-109.png
116	cropped_nethack_uncropped_both_sides_ordered-110.png
117	cropped_nethack_uncropped_both_sides_ordered-111.png
118	cropped_nethack_uncropped_both_sides_ordered-112.png
119	cropped_nethack_uncropped_both_sides_ordered-113.png
120	cropped_nethack_uncropped_both_sides_ordered-114.png
121	cropped_nethack_uncropped_both_sides_ordered-115.png
122	cropped_nethack_uncropped_both_sides_ordered-116.png
123	cropped_nethack_uncropped_both_sides_ordered-117.png
124	cropped_nethack_uncropped_both_sides_ordered-118.png
125	cropped_nethack_uncropped_both_sides_ordered-119.png
126	cropped_nethack_uncropped_both_sides_ordered-120.png
127	cropped_nethack_uncropped_both_sides_ordered-121.png
128	cropped_nethack_uncropped_both_sides_ordered-122.png
129	cropped_nethack_uncropped_both_sides_ordered-123.png
130	cropped_nethack_uncropped_both_sides_ordered-124.png
131	cropped_nethack_uncropped_both_sides_ordered-125.png
132	cropped_nethack_uncropped_both_sides_ordered-126.png
133	cropped_nethack_uncropped_both_sides_ordered-127.png
134	cropped_nethack_uncropped_both_sides_ordered-128.png
135	cropped_nethack_uncropped_both_sides_ordered-129.png
136	cropped_nethack_uncropped_both_sides_ordered-130.png
137	cropped_nethack_uncropped_both_sides_ordered-131.png
138	cropped_nethack_uncropped_both_sides_ordered-132.png
139	cropped_nethack_uncropped_both_sides_ordered-133.png
140	cropped_nethack_uncropped_both_sides_ordered-134.png
141	cropped_nethack_uncropped_both_sides_ordered-135.png
142	cropped_nethack_uncropped_both_sides_ordered-136.png
143	cropped_nethack_uncropped_both_sides_ordered-137.png
144	cropped_nethack_uncropped_both_sides_ordered-138.png
145	cropped_nethack_uncropped_both_sides_ordered-139.png
146	cropped_nethack_uncropped_both_sides_ordered-140.png
147	cropped_nethack_uncropped_both_sides_ordered-141.png
148	cropped_nethack_uncropped_both_sides_ordered-142.png
149	cropped_nethack_uncropped_both_sides_ordered-143.png
150	cropped_nethack_uncropped_both_sides_ordered-144.png
151	cropped_nethack_uncropped_both_sides_ordered-145.png
152	cropped_nethack_uncropped_both_sides_ordered-146.png
153	cropped_nethack_uncropped_both_sides_ordered-147.png
154	cropped_nethack_uncropped_both_sides_ordered-148.png
155	cropped_nethack_uncropped_both_sides_ordered-149.png
156	cropped_nethack_uncropped_both_sides_ordered-150.png
157	cropped_nethack_uncropped_both_sides_ordered-151.png
158	cropped_nethack_uncropped_both_sides_ordered-152.png
159	cropped_nethack_uncropped_both_sides_ordered-153.png
160	cropped_nethack_uncropped_both_sides_ordered-154.png
161	cropped_nethack_uncropped_both_sides_ordered-155.png
162	cropped_nethack_uncropped_both_sides_ordered-156.png
163	cropped_nethack_uncropped_both_sides_ordered-157.png
164	cropped_nethack_uncropped_both_sides_ordered-158.png
165	cropped_nethack_uncropped_both_sides_ordered-159.png
166	cropped_nethack_uncropped_both_sides_ordered-160.png
167	cropped_nethack_uncropped_both_sides_ordered-161.png
168	cropped_nethack_uncropped_both_sides_ordered-162.png
169	cropped_nethack_uncropped_both_sides_ordered-163.png
170	cropped_nethack_uncropped_both_sides_ordered-164.png
171	cropped_nethack_uncropped_both_sides_ordered-165.png
172	cropped_nethack_uncropped_both_sides_ordered-166.png
173	cropped_nethack_uncropped_both_sides_ordered-167.png
174	cropped_nethack_uncropped_both_sides_ordered-168.png
175	cropped_nethack_uncropped_both_sides_ordered-169.png
176	cropped_nethack_uncropped_both_sides_ordered-170.png
177	cropped_nethack_uncropped_both_sides_ordered-171.png
178	cropped_nethack_uncropped_both_sides_ordered-172.png
179	cropped_nethack_uncropped_both_sides_ordered-173.png
180	cropped_nethack_uncropped_both_sides_ordered-174.png
181	cropped_nethack_uncropped_both_sides_ordered-175.png
182	cropped_nethack_uncropped_both_sides_ordered-176.png
183	cropped_nethack_uncropped_both_sides_ordered-177.png
184	cropped_nethack_uncropped_both_sides_ordered-178.png
185	cropped_nethack_uncropped_both_sides_ordered-179.png
186	cropped_nethack_uncropped_both_sides_ordered-180.png
187	cropped_nethack_uncropped_both_sides_ordered-181.png
188	cropped_nethack_uncropped_both_sides_ordered-182.png
189	cropped_nethack_uncropped_both_sides_ordered-183.png
190	cropped_nethack_uncropped_both_sides_ordered-184.png
191	cropped_nethack_uncropped_both_sides_ordered-185.png
192	cropped_nethack_uncropped_both_sides_ordered-186.png
193	cropped_nethack_uncropped_both_sides_ordered-187.png
194	cropped_nethack_uncropped_both_sides_ordered-188.png
195	cropped_nethack_uncropped_both_sides_ordered-189.png
196	cropped_nethack_uncropped_both_sides_ordered-190.png
197	cropped_nethack_uncropped_both_sides_ordered-191.png
198	cropped_nethack_uncropped_both_sides_ordered-192.png
199	cropped_nethack_uncropped_both_sides_ordered-193.png
200	cropped_nethack_uncropped_both_sides_ordered-194.png
201	cropped_nethack_uncropped_both_sides_ordered-195.png
202	cropped_nethack_uncropped_both_sides_ordered-196.png
203	cropped_nethack_uncropped_both_sides_ordered-197.png
204	cropped_nethack_uncropped_both_sides_ordered-198.png
205	cropped_nethack_uncropped_both_sides_ordered-199.png
206	cropped_nethack_uncropped_both_sides_ordered-200.png
207	cropped_nethack_uncropped_both_sides_ordered-201.png
208	cropped_nethack_uncropped_both_sides_ordered-202.png
209	cropped_nethack_uncropped_both_sides_ordered-203.png
210	cropped_nethack_uncropped_both_sides_ordered-204.png
211	cropped_nethack_uncropped_both_sides_ordered-205.png
212	cropped_nethack_uncropped_both_sides_ordered-206.png
213	cropped_nethack_uncropped_both_sides_ordered-207.png
214	cropped_nethack_uncropped_both_sides_ordered-208.png
215	cropped_nethack_uncropped_both_sides_ordered-209.png
216	cropped_nethack_uncropped_both_sides_ordered-210.png
217	cropped_nethack_uncropped_both_sides_ordered-211.png
218	cropped_nethack_uncropped_both_sides_ordered-212.png
219	cropped_nethack_uncropped_both_sides_ordered-213.png
220	cropped_nethack_uncropped_both_sides_ordered-214.png
221	cropped_nethack_uncropped_both_sides_ordered-215.png
222	cropped_nethack_uncropped_both_sides_ordered-216.png
223	cropped_nethack_uncropped_both_sides_ordered-217.png
224	cropped_nethack_uncropped_both_sides_ordered-218.png
225	cropped_nethack_uncropped_both_sides_ordered-219.png
226	cropped_nethack_uncropped_both_sides_ordered-220.png
227	cropped_nethack_uncropped_both_sides_ordered-221.png
228	cropped_nethack_uncropped_both_sides_ordered-222.png
229	cropped_nethack_uncropped_both_sides_ordered-223.png
230	cropped_nethack_uncropped_both_sides_ordered-224.png
231	cropped_nethack_uncropped_both_sides_ordered-225.png
232	cropped_nethack_uncropped_both_sides_ordered-226.png
233	cropped_nethack_uncropped_both_sides_ordered-227.png
234	cropped_nethack_uncropped_both_sides_ordered-228.png
235	cropped_nethack_uncropped_both_sides_ordered-229.png
236	cropped_nethack_uncropped_both_sides_ordered-230.png
237	cropped_nethack_uncropped_both_sides_ordered-231.png
238	cropped_nethack_uncropped_both_sides_ordered-232.png
239	cropped_nethack_uncropped_both_sides_ordered-233.png
240	cropped_nethack_uncropped_both_sides_ordered-234.png
241	cropped_nethack_uncropped_both_sides_ordered-235.png
242	cropped_nethack_uncropped_both_sides_ordered-236.png
243	cropped_nethack_uncropped_both_sides_ordered-237.png
244	cropped_nethack_uncropped_both_sides_ordered-238.png
245	cropped_nethack_uncropped_both_sides_ordered-239.png
246	cropped_nethack_uncropped_both_sides_ordered-240.png
247	cropped_nethack_uncropped_both_sides_ordered-241.png
248	cropped_nethack_uncropped_both_sides_ordered-242.png
249	cropped_nethack_uncropped_both_sides_ordered-243.png
250	cropped_nethack_uncropped_both_sides_ordered-244.png
251	cropped_nethack_uncropped_both_sides_ordered-245.png
252	cropped_nethack_uncropped_both_sides_ordered-246.png
253	cropped_nethack_uncropped_both_sides_ordered-247.png
254	cropped_nethack_uncropped_both_sides_ordered-248.png
255	cropped_nethack_uncropped_both_sides_ordered-249.png
256	cropped_nethack_uncropped_both_sides_ordered-250.png
257	cropped_nethack_uncropped_both_sides_ordered-251.png
258	cropped_nethack_uncropped_both_sides_ordered-252.png
259	cropped_nethack_uncropped_both_sides_ordered-253.png
260	cropped_nethack_uncropped_both_sides_ordered-254.png
261	cropped_nethack_uncropped_both_sides_ordered-255.png
262	cropped_nethack_uncropped_both_sides_ordered-256.png
263	cropped_nethack_uncropped_both_sides_ordered-257.png
264	cropped_nethack_uncropped_both_sides_ordered-258.png
265	cropped_nethack_uncropped_both_sides_ordered-259.png
266	cropped_nethack_uncropped_both_sides_ordered-260.png
267	cropped_nethack_uncropped_both_sides_ordered-261.png
268	cropped_nethack_uncropped_both_sides_ordered-262.png
269	cropped_nethack_uncropped_both_sides_ordered-263.png
270	cropped_nethack_uncropped_both_sides_ordered-264.png
271	cropped_nethack_uncropped_both_sides_ordered-265.png
272	cropped_nethack_uncropped_both_sides_ordered-266.png
273	cropped_nethack_uncropped_both_sides_ordered-267.png
274	cropped_nethack_uncropped_both_sides_ordered-268.png
