pdf_page_range	old_filename	new_filename	pdforder_entries
001	nethack_uncropped_cover.png	pdf001__nethack_uncropped_cover.png	cropped_nethack_uncropped_cover.png
002-003	nethack_uncropped_openpages_1_2_3-1.png	pdf002-003__nethack_uncropped_openpages_1_2_3-1.png	cropped_nethack_uncropped_openpages_1_2_3-1_left.png,cropped_nethack_uncropped_openpages_1_2_3-1_right.png
004	nethack_uncropped_openpages_1_2_3-2.png	pdf004__nethack_uncropped_openpages_1_2_3-2.png	cropped_nethack_uncropped_openpages_1_2_3-2.png
005	nethack_uncropped_tocpage-1.png	pdf005__nethack_uncropped_tocpage-1.png	cropped_nethack_uncropped_tocpage-1.png
006	nethack_uncropped_tocpage-2.png	pdf006__nethack_uncropped_tocpage-2.png	cropped_nethack_uncropped_tocpage-2.png
007	nethack_uncropped_both_sides_ordered-001.png	pdf007__nethack_uncropped_both_sides_ordered-001.png	cropped_nethack_uncropped_both_sides_ordered-001.png
008	nethack_uncropped_both_sides_ordered-002.png	pdf008__nethack_uncropped_both_sides_ordered-002.png	cropped_nethack_uncropped_both_sides_ordered-002.png
009	nethack_uncropped_both_sides_ordered-003.png	pdf009__nethack_uncropped_both_sides_ordered-003.png	cropped_nethack_uncropped_both_sides_ordered-003.png
010	nethack_uncropped_both_sides_ordered-004.png	pdf010__nethack_uncropped_both_sides_ordered-004.png	cropped_nethack_uncropped_both_sides_ordered-004.png
011	nethack_uncropped_both_sides_ordered-005.png	pdf011__nethack_uncropped_both_sides_ordered-005.png	cropped_nethack_uncropped_both_sides_ordered-005.png
012	nethack_uncropped_both_sides_ordered-006.png	pdf012__nethack_uncropped_both_sides_ordered-006.png	cropped_nethack_uncropped_both_sides_ordered-006.png
013	nethack_uncropped_both_sides_ordered-007.png	pdf013__nethack_uncropped_both_sides_ordered-007.png	cropped_nethack_uncropped_both_sides_ordered-007.png
014	nethack_uncropped_both_sides_ordered-008.png	pdf014__nethack_uncropped_both_sides_ordered-008.png	cropped_nethack_uncropped_both_sides_ordered-008.png
015	nethack_uncropped_both_sides_ordered-009.png	pdf015__nethack_uncropped_both_sides_ordered-009.png	cropped_nethack_uncropped_both_sides_ordered-009.png
016	nethack_uncropped_both_sides_ordered-010.png	pdf016__nethack_uncropped_both_sides_ordered-010.png	cropped_nethack_uncropped_both_sides_ordered-010.png
017	nethack_uncropped_both_sides_ordered-011.png	pdf017__nethack_uncropped_both_sides_ordered-011.png	cropped_nethack_uncropped_both_sides_ordered-011.png
018	nethack_uncropped_both_sides_ordered-012.png	pdf018__nethack_uncropped_both_sides_ordered-012.png	cropped_nethack_uncropped_both_sides_ordered-012.png
019	nethack_uncropped_both_sides_ordered-013.png	pdf019__nethack_uncropped_both_sides_ordered-013.png	cropped_nethack_uncropped_both_sides_ordered-013.png
020	nethack_uncropped_both_sides_ordered-014.png	pdf020__nethack_uncropped_both_sides_ordered-014.png	cropped_nethack_uncropped_both_sides_ordered-014.png
021	nethack_uncropped_both_sides_ordered-015.png	pdf021__nethack_uncropped_both_sides_ordered-015.png	cropped_nethack_uncropped_both_sides_ordered-015.png
022	nethack_uncropped_both_sides_ordered-016.png	pdf022__nethack_uncropped_both_sides_ordered-016.png	cropped_nethack_uncropped_both_sides_ordered-016.png
023	nethack_uncropped_both_sides_ordered-017.png	pdf023__nethack_uncropped_both_sides_ordered-017.png	cropped_nethack_uncropped_both_sides_ordered-017.png
024	nethack_uncropped_both_sides_ordered-018.png	pdf024__nethack_uncropped_both_sides_ordered-018.png	cropped_nethack_uncropped_both_sides_ordered-018.png
025	nethack_uncropped_both_sides_ordered-019.png	pdf025__nethack_uncropped_both_sides_ordered-019.png	cropped_nethack_uncropped_both_sides_ordered-019.png
026	nethack_uncropped_both_sides_ordered-020.png	pdf026__nethack_uncropped_both_sides_ordered-020.png	cropped_nethack_uncropped_both_sides_ordered-020.png
027	nethack_uncropped_both_sides_ordered-021.png	pdf027__nethack_uncropped_both_sides_ordered-021.png	cropped_nethack_uncropped_both_sides_ordered-021.png
028	nethack_uncropped_both_sides_ordered-022.png	pdf028__nethack_uncropped_both_sides_ordered-022.png	cropped_nethack_uncropped_both_sides_ordered-022.png
029	nethack_uncropped_both_sides_ordered-023.png	pdf029__nethack_uncropped_both_sides_ordered-023.png	cropped_nethack_uncropped_both_sides_ordered-023.png
030	nethack_uncropped_both_sides_ordered-024.png	pdf030__nethack_uncropped_both_sides_ordered-024.png	cropped_nethack_uncropped_both_sides_ordered-024.png
031	nethack_uncropped_both_sides_ordered-025.png	pdf031__nethack_uncropped_both_sides_ordered-025.png	cropped_nethack_uncropped_both_sides_ordered-025.png
032	nethack_uncropped_both_sides_ordered-026.png	pdf032__nethack_uncropped_both_sides_ordered-026.png	cropped_nethack_uncropped_both_sides_ordered-026.png
033	nethack_uncropped_both_sides_ordered-027.png	pdf033__nethack_uncropped_both_sides_ordered-027.png	cropped_nethack_uncropped_both_sides_ordered-027.png
034	nethack_uncropped_both_sides_ordered-028.png	pdf034__nethack_uncropped_both_sides_ordered-028.png	cropped_nethack_uncropped_both_sides_ordered-028.png
035	nethack_uncropped_both_sides_ordered-029.png	pdf035__nethack_uncropped_both_sides_ordered-029.png	cropped_nethack_uncropped_both_sides_ordered-029.png
036	nethack_uncropped_both_sides_ordered-030.png	pdf036__nethack_uncropped_both_sides_ordered-030.png	cropped_nethack_uncropped_both_sides_ordered-030.png
037	nethack_uncropped_both_sides_ordered-031.png	pdf037__nethack_uncropped_both_sides_ordered-031.png	cropped_nethack_uncropped_both_sides_ordered-031.png
038	nethack_uncropped_both_sides_ordered-032.png	pdf038__nethack_uncropped_both_sides_ordered-032.png	cropped_nethack_uncropped_both_sides_ordered-032.png
039	nethack_uncropped_both_sides_ordered-033.png	pdf039__nethack_uncropped_both_sides_ordered-033.png	cropped_nethack_uncropped_both_sides_ordered-033.png
040	nethack_uncropped_both_sides_ordered-034.png	pdf040__nethack_uncropped_both_sides_ordered-034.png	cropped_nethack_uncropped_both_sides_ordered-034.png
041	nethack_uncropped_both_sides_ordered-035.png	pdf041__nethack_uncropped_both_sides_ordered-035.png	cropped_nethack_uncropped_both_sides_ordered-035.png
042	nethack_uncropped_both_sides_ordered-036.png	pdf042__nethack_uncropped_both_sides_ordered-036.png	cropped_nethack_uncropped_both_sides_ordered-036.png
043	nethack_uncropped_both_sides_ordered-037.png	pdf043__nethack_uncropped_both_sides_ordered-037.png	cropped_nethack_uncropped_both_sides_ordered-037.png
044	nethack_uncropped_both_sides_ordered-038.png	pdf044__nethack_uncropped_both_sides_ordered-038.png	cropped_nethack_uncropped_both_sides_ordered-038.png
045	nethack_uncropped_both_sides_ordered-039.png	pdf045__nethack_uncropped_both_sides_ordered-039.png	cropped_nethack_uncropped_both_sides_ordered-039.png
046	nethack_uncropped_both_sides_ordered-040.png	pdf046__nethack_uncropped_both_sides_ordered-040.png	cropped_nethack_uncropped_both_sides_ordered-040.png
047	nethack_uncropped_both_sides_ordered-041.png	pdf047__nethack_uncropped_both_sides_ordered-041.png	cropped_nethack_uncropped_both_sides_ordered-041.png
048	nethack_uncropped_both_sides_ordered-042.png	pdf048__nethack_uncropped_both_sides_ordered-042.png	cropped_nethack_uncropped_both_sides_ordered-042.png
049	nethack_uncropped_both_sides_ordered-043.png	pdf049__nethack_uncropped_both_sides_ordered-043.png	cropped_nethack_uncropped_both_sides_ordered-043.png
050	nethack_uncropped_both_sides_ordered-044.png	pdf050__nethack_uncropped_both_sides_ordered-044.png	cropped_nethack_uncropped_both_sides_ordered-044.png
051	nethack_uncropped_both_sides_ordered-045.png	pdf051__nethack_uncropped_both_sides_ordered-045.png	cropped_nethack_uncropped_both_sides_ordered-045.png
052	nethack_uncropped_both_sides_ordered-046.png	pdf052__nethack_uncropped_both_sides_ordered-046.png	cropped_nethack_uncropped_both_sides_ordered-046.png
053	nethack_uncropped_both_sides_ordered-047.png	pdf053__nethack_uncropped_both_sides_ordered-047.png	cropped_nethack_uncropped_both_sides_ordered-047.png
054	nethack_uncropped_both_sides_ordered-048.png	pdf054__nethack_uncropped_both_sides_ordered-048.png	cropped_nethack_uncropped_both_sides_ordered-048.png
055	nethack_uncropped_both_sides_ordered-049.png	pdf055__nethack_uncropped_both_sides_ordered-049.png	cropped_nethack_uncropped_both_sides_ordered-049.png
056	nethack_uncropped_both_sides_ordered-050.png	pdf056__nethack_uncropped_both_sides_ordered-050.png	cropped_nethack_uncropped_both_sides_ordered-050.png
057	nethack_uncropped_both_sides_ordered-051.png	pdf057__nethack_uncropped_both_sides_ordered-051.png	cropped_nethack_uncropped_both_sides_ordered-051.png
058	nethack_uncropped_both_sides_ordered-052.png	pdf058__nethack_uncropped_both_sides_ordered-052.png	cropped_nethack_uncropped_both_sides_ordered-052.png
059	nethack_uncropped_both_sides_ordered-053.png	pdf059__nethack_uncropped_both_sides_ordered-053.png	cropped_nethack_uncropped_both_sides_ordered-053.png
060	nethack_uncropped_both_sides_ordered-054.png	pdf060__nethack_uncropped_both_sides_ordered-054.png	cropped_nethack_uncropped_both_sides_ordered-054.png
061	nethack_uncropped_both_sides_ordered-055.png	pdf061__nethack_uncropped_both_sides_ordered-055.png	cropped_nethack_uncropped_both_sides_ordered-055.png
062	nethack_uncropped_both_sides_ordered-056.png	pdf062__nethack_uncropped_both_sides_ordered-056.png	cropped_nethack_uncropped_both_sides_ordered-056.png
063	nethack_uncropped_both_sides_ordered-057.png	pdf063__nethack_uncropped_both_sides_ordered-057.png	cropped_nethack_uncropped_both_sides_ordered-057.png
064	nethack_uncropped_both_sides_ordered-058.png	pdf064__nethack_uncropped_both_sides_ordered-058.png	cropped_nethack_uncropped_both_sides_ordered-058.png
065	nethack_uncropped_both_sides_ordered-059.png	pdf065__nethack_uncropped_both_sides_ordered-059.png	cropped_nethack_uncropped_both_sides_ordered-059.png
066	nethack_uncropped_both_sides_ordered-060.png	pdf066__nethack_uncropped_both_sides_ordered-060.png	cropped_nethack_uncropped_both_sides_ordered-060.png
067	nethack_uncropped_both_sides_ordered-061.png	pdf067__nethack_uncropped_both_sides_ordered-061.png	cropped_nethack_uncropped_both_sides_ordered-061.png
068	nethack_uncropped_both_sides_ordered-062.png	pdf068__nethack_uncropped_both_sides_ordered-062.png	cropped_nethack_uncropped_both_sides_ordered-062.png
069	nethack_uncropped_both_sides_ordered-063.png	pdf069__nethack_uncropped_both_sides_ordered-063.png	cropped_nethack_uncropped_both_sides_ordered-063.png
070	nethack_uncropped_both_sides_ordered-064.png	pdf070__nethack_uncropped_both_sides_ordered-064.png	cropped_nethack_uncropped_both_sides_ordered-064.png
071	nethack_uncropped_both_sides_ordered-065.png	pdf071__nethack_uncropped_both_sides_ordered-065.png	cropped_nethack_uncropped_both_sides_ordered-065.png
072	nethack_uncropped_both_sides_ordered-066.png	pdf072__nethack_uncropped_both_sides_ordered-066.png	cropped_nethack_uncropped_both_sides_ordered-066.png
073	nethack_uncropped_both_sides_ordered-067.png	pdf073__nethack_uncropped_both_sides_ordered-067.png	cropped_nethack_uncropped_both_sides_ordered-067.png
074	nethack_uncropped_both_sides_ordered-068.png	pdf074__nethack_uncropped_both_sides_ordered-068.png	cropped_nethack_uncropped_both_sides_ordered-068.png
075	nethack_uncropped_both_sides_ordered-069.png	pdf075__nethack_uncropped_both_sides_ordered-069.png	cropped_nethack_uncropped_both_sides_ordered-069.png
076	nethack_uncropped_both_sides_ordered-070.png	pdf076__nethack_uncropped_both_sides_ordered-070.png	cropped_nethack_uncropped_both_sides_ordered-070.png
077	nethack_uncropped_both_sides_ordered-071.png	pdf077__nethack_uncropped_both_sides_ordered-071.png	cropped_nethack_uncropped_both_sides_ordered-071.png
078	nethack_uncropped_both_sides_ordered-072.png	pdf078__nethack_uncropped_both_sides_ordered-072.png	cropped_nethack_uncropped_both_sides_ordered-072.png
079	nethack_uncropped_both_sides_ordered-073.png	pdf079__nethack_uncropped_both_sides_ordered-073.png	cropped_nethack_uncropped_both_sides_ordered-073.png
080	nethack_uncropped_both_sides_ordered-074.png	pdf080__nethack_uncropped_both_sides_ordered-074.png	cropped_nethack_uncropped_both_sides_ordered-074.png
081	nethack_uncropped_both_sides_ordered-075.png	pdf081__nethack_uncropped_both_sides_ordered-075.png	cropped_nethack_uncropped_both_sides_ordered-075.png
082	nethack_uncropped_both_sides_ordered-076.png	pdf082__nethack_uncropped_both_sides_ordered-076.png	cropped_nethack_uncropped_both_sides_ordered-076.png
083	nethack_uncropped_both_sides_ordered-077.png	pdf083__nethack_uncropped_both_sides_ordered-077.png	cropped_nethack_uncropped_both_sides_ordered-077.png
084	nethack_uncropped_both_sides_ordered-078.png	pdf084__nethack_uncropped_both_sides_ordered-078.png	cropped_nethack_uncropped_both_sides_ordered-078.png
085	nethack_uncropped_both_sides_ordered-079.png	pdf085__nethack_uncropped_both_sides_ordered-079.png	cropped_nethack_uncropped_both_sides_ordered-079.png
086	nethack_uncropped_both_sides_ordered-080.png	pdf086__nethack_uncropped_both_sides_ordered-080.png	cropped_nethack_uncropped_both_sides_ordered-080.png
087	nethack_uncropped_both_sides_ordered-081.png	pdf087__nethack_uncropped_both_sides_ordered-081.png	cropped_nethack_uncropped_both_sides_ordered-081.png
088	nethack_uncropped_both_sides_ordered-082.png	pdf088__nethack_uncropped_both_sides_ordered-082.png	cropped_nethack_uncropped_both_sides_ordered-082.png
089	nethack_uncropped_both_sides_ordered-083.png	pdf089__nethack_uncropped_both_sides_ordered-083.png	cropped_nethack_uncropped_both_sides_ordered-083.png
090	nethack_uncropped_both_sides_ordered-084.png	pdf090__nethack_uncropped_both_sides_ordered-084.png	cropped_nethack_uncropped_both_sides_ordered-084.png
091	nethack_uncropped_both_sides_ordered-085.png	pdf091__nethack_uncropped_both_sides_ordered-085.png	cropped_nethack_uncropped_both_sides_ordered-085.png
092	nethack_uncropped_both_sides_ordered-086.png	pdf092__nethack_uncropped_both_sides_ordered-086.png	cropped_nethack_uncropped_both_sides_ordered-086.png
093	nethack_uncropped_both_sides_ordered-087.png	pdf093__nethack_uncropped_both_sides_ordered-087.png	cropped_nethack_uncropped_both_sides_ordered-087.png
094	nethack_uncropped_both_sides_ordered-088.png	pdf094__nethack_uncropped_both_sides_ordered-088.png	cropped_nethack_uncropped_both_sides_ordered-088.png
095	nethack_uncropped_both_sides_ordered-089.png	pdf095__nethack_uncropped_both_sides_ordered-089.png	cropped_nethack_uncropped_both_sides_ordered-089.png
096	nethack_uncropped_both_sides_ordered-090.png	pdf096__nethack_uncropped_both_sides_ordered-090.png	cropped_nethack_uncropped_both_sides_ordered-090.png
097	nethack_uncropped_both_sides_ordered-091.png	pdf097__nethack_uncropped_both_sides_ordered-091.png	cropped_nethack_uncropped_both_sides_ordered-091.png
098	nethack_uncropped_both_sides_ordered-092.png	pdf098__nethack_uncropped_both_sides_ordered-092.png	cropped_nethack_uncropped_both_sides_ordered-092.png
099	nethack_uncropped_both_sides_ordered-093.png	pdf099__nethack_uncropped_both_sides_ordered-093.png	cropped_nethack_uncropped_both_sides_ordered-093.png
100	nethack_uncropped_both_sides_ordered-094.png	pdf100__nethack_uncropped_both_sides_ordered-094.png	cropped_nethack_uncropped_both_sides_ordered-094.png
101	nethack_uncropped_both_sides_ordered-095.png	pdf101__nethack_uncropped_both_sides_ordered-095.png	cropped_nethack_uncropped_both_sides_ordered-095.png
102	nethack_uncropped_both_sides_ordered-096.png	pdf102__nethack_uncropped_both_sides_ordered-096.png	cropped_nethack_uncropped_both_sides_ordered-096.png
103	nethack_uncropped_both_sides_ordered-097.png	pdf103__nethack_uncropped_both_sides_ordered-097.png	cropped_nethack_uncropped_both_sides_ordered-097.png
104	nethack_uncropped_both_sides_ordered-098.png	pdf104__nethack_uncropped_both_sides_ordered-098.png	cropped_nethack_uncropped_both_sides_ordered-098.png
105	nethack_uncropped_both_sides_ordered-099.png	pdf105__nethack_uncropped_both_sides_ordered-099.png	cropped_nethack_uncropped_both_sides_ordered-099.png
106	nethack_uncropped_both_sides_ordered-100.png	pdf106__nethack_uncropped_both_sides_ordered-100.png	cropped_nethack_uncropped_both_sides_ordered-100.png
107	nethack_uncropped_both_sides_ordered-101.png	pdf107__nethack_uncropped_both_sides_ordered-101.png	cropped_nethack_uncropped_both_sides_ordered-101.png
108	nethack_uncropped_both_sides_ordered-102.png	pdf108__nethack_uncropped_both_sides_ordered-102.png	cropped_nethack_uncropped_both_sides_ordered-102.png
109	nethack_uncropped_both_sides_ordered-103.png	pdf109__nethack_uncropped_both_sides_ordered-103.png	cropped_nethack_uncropped_both_sides_ordered-103.png
110	nethack_uncropped_both_sides_ordered-104.png	pdf110__nethack_uncropped_both_sides_ordered-104.png	cropped_nethack_uncropped_both_sides_ordered-104.png
111	nethack_uncropped_both_sides_ordered-105.png	pdf111__nethack_uncropped_both_sides_ordered-105.png	cropped_nethack_uncropped_both_sides_ordered-105.png
112	nethack_uncropped_both_sides_ordered-106.png	pdf112__nethack_uncropped_both_sides_ordered-106.png	cropped_nethack_uncropped_both_sides_ordered-106.png
113	nethack_uncropped_both_sides_ordered-107.png	pdf113__nethack_uncropped_both_sides_ordered-107.png	cropped_nethack_uncropped_both_sides_ordered-107.png
114	nethack_uncropped_both_sides_ordered-108.png	pdf114__nethack_uncropped_both_sides_ordered-108.png	cropped_nethack_uncropped_both_sides_ordered-108.png
115	nethack_uncropped_both_sides_ordered-109.png	pdf115__nethack_uncropped_both_sides_ordered-109.png	cropped_nethack_uncropped_both_sides_ordered-109.png
116	nethack_uncropped_both_sides_ordered-110.png	pdf116__nethack_uncropped_both_sides_ordered-110.png	cropped_nethack_uncropped_both_sides_ordered-110.png
117	nethack_uncropped_both_sides_ordered-111.png	pdf117__nethack_uncropped_both_sides_ordered-111.png	cropped_nethack_uncropped_both_sides_ordered-111.png
118	nethack_uncropped_both_sides_ordered-112.png	pdf118__nethack_uncropped_both_sides_ordered-112.png	cropped_nethack_uncropped_both_sides_ordered-112.png
119	nethack_uncropped_both_sides_ordered-113.png	pdf119__nethack_uncropped_both_sides_ordered-113.png	cropped_nethack_uncropped_both_sides_ordered-113.png
120	nethack_uncropped_both_sides_ordered-114.png	pdf120__nethack_uncropped_both_sides_ordered-114.png	cropped_nethack_uncropped_both_sides_ordered-114.png
121	nethack_uncropped_both_sides_ordered-115.png	pdf121__nethack_uncropped_both_sides_ordered-115.png	cropped_nethack_uncropped_both_sides_ordered-115.png
122	nethack_uncropped_both_sides_ordered-116.png	pdf122__nethack_uncropped_both_sides_ordered-116.png	cropped_nethack_uncropped_both_sides_ordered-116.png
123	nethack_uncropped_both_sides_ordered-117.png	pdf123__nethack_uncropped_both_sides_ordered-117.png	cropped_nethack_uncropped_both_sides_ordered-117.png
124	nethack_uncropped_both_sides_ordered-118.png	pdf124__nethack_uncropped_both_sides_ordered-118.png	cropped_nethack_uncropped_both_sides_ordered-118.png
125	nethack_uncropped_both_sides_ordered-119.png	pdf125__nethack_uncropped_both_sides_ordered-119.png	cropped_nethack_uncropped_both_sides_ordered-119.png
126	nethack_uncropped_both_sides_ordered-120.png	pdf126__nethack_uncropped_both_sides_ordered-120.png	cropped_nethack_uncropped_both_sides_ordered-120.png
127	nethack_uncropped_both_sides_ordered-121.png	pdf127__nethack_uncropped_both_sides_ordered-121.png	cropped_nethack_uncropped_both_sides_ordered-121.png
128	nethack_uncropped_both_sides_ordered-122.png	pdf128__nethack_uncropped_both_sides_ordered-122.png	cropped_nethack_uncropped_both_sides_ordered-122.png
129	nethack_uncropped_both_sides_ordered-123.png	pdf129__nethack_uncropped_both_sides_ordered-123.png	cropped_nethack_uncropped_both_sides_ordered-123.png
130	nethack_uncropped_both_sides_ordered-124.png	pdf130__nethack_uncropped_both_sides_ordered-124.png	cropped_nethack_uncropped_both_sides_ordered-124.png
131	nethack_uncropped_both_sides_ordered-125.png	pdf131__nethack_uncropped_both_sides_ordered-125.png	cropped_nethack_uncropped_both_sides_ordered-125.png
132	nethack_uncropped_both_sides_ordered-126.png	pdf132__nethack_uncropped_both_sides_ordered-126.png	cropped_nethack_uncropped_both_sides_ordered-126.png
133	nethack_uncropped_both_sides_ordered-127.png	pdf133__nethack_uncropped_both_sides_ordered-127.png	cropped_nethack_uncropped_both_sides_ordered-127.png
134	nethack_uncropped_both_sides_ordered-128.png	pdf134__nethack_uncropped_both_sides_ordered-128.png	cropped_nethack_uncropped_both_sides_ordered-128.png
135	nethack_uncropped_both_sides_ordered-129.png	pdf135__nethack_uncropped_both_sides_ordered-129.png	cropped_nethack_uncropped_both_sides_ordered-129.png
136	nethack_uncropped_both_sides_ordered-130.png	pdf136__nethack_uncropped_both_sides_ordered-130.png	cropped_nethack_uncropped_both_sides_ordered-130.png
137	nethack_uncropped_both_sides_ordered-131.png	pdf137__nethack_uncropped_both_sides_ordered-131.png	cropped_nethack_uncropped_both_sides_ordered-131.png
138	nethack_uncropped_both_sides_ordered-132.png	pdf138__nethack_uncropped_both_sides_ordered-132.png	cropped_nethack_uncropped_both_sides_ordered-132.png
139	nethack_uncropped_both_sides_ordered-133.png	pdf139__nethack_uncropped_both_sides_ordered-133.png	cropped_nethack_uncropped_both_sides_ordered-133.png
140	nethack_uncropped_both_sides_ordered-134.png	pdf140__nethack_uncropped_both_sides_ordered-134.png	cropped_nethack_uncropped_both_sides_ordered-134.png
141	nethack_uncropped_both_sides_ordered-135.png	pdf141__nethack_uncropped_both_sides_ordered-135.png	cropped_nethack_uncropped_both_sides_ordered-135.png
142	nethack_uncropped_both_sides_ordered-136.png	pdf142__nethack_uncropped_both_sides_ordered-136.png	cropped_nethack_uncropped_both_sides_ordered-136.png
143	nethack_uncropped_both_sides_ordered-137.png	pdf143__nethack_uncropped_both_sides_ordered-137.png	cropped_nethack_uncropped_both_sides_ordered-137.png
144	nethack_uncropped_both_sides_ordered-138.png	pdf144__nethack_uncropped_both_sides_ordered-138.png	cropped_nethack_uncropped_both_sides_ordered-138.png
145	nethack_uncropped_both_sides_ordered-139.png	pdf145__nethack_uncropped_both_sides_ordered-139.png	cropped_nethack_uncropped_both_sides_ordered-139.png
146	nethack_uncropped_both_sides_ordered-140.png	pdf146__nethack_uncropped_both_sides_ordered-140.png	cropped_nethack_uncropped_both_sides_ordered-140.png
147	nethack_uncropped_both_sides_ordered-141.png	pdf147__nethack_uncropped_both_sides_ordered-141.png	cropped_nethack_uncropped_both_sides_ordered-141.png
148	nethack_uncropped_both_sides_ordered-142.png	pdf148__nethack_uncropped_both_sides_ordered-142.png	cropped_nethack_uncropped_both_sides_ordered-142.png
149	nethack_uncropped_both_sides_ordered-143.png	pdf149__nethack_uncropped_both_sides_ordered-143.png	cropped_nethack_uncropped_both_sides_ordered-143.png
150	nethack_uncropped_both_sides_ordered-144.png	pdf150__nethack_uncropped_both_sides_ordered-144.png	cropped_nethack_uncropped_both_sides_ordered-144.png
151	nethack_uncropped_both_sides_ordered-145.png	pdf151__nethack_uncropped_both_sides_ordered-145.png	cropped_nethack_uncropped_both_sides_ordered-145.png
152	nethack_uncropped_both_sides_ordered-146.png	pdf152__nethack_uncropped_both_sides_ordered-146.png	cropped_nethack_uncropped_both_sides_ordered-146.png
153	nethack_uncropped_both_sides_ordered-147.png	pdf153__nethack_uncropped_both_sides_ordered-147.png	cropped_nethack_uncropped_both_sides_ordered-147.png
154	nethack_uncropped_both_sides_ordered-148.png	pdf154__nethack_uncropped_both_sides_ordered-148.png	cropped_nethack_uncropped_both_sides_ordered-148.png
155	nethack_uncropped_both_sides_ordered-149.png	pdf155__nethack_uncropped_both_sides_ordered-149.png	cropped_nethack_uncropped_both_sides_ordered-149.png
156	nethack_uncropped_both_sides_ordered-150.png	pdf156__nethack_uncropped_both_sides_ordered-150.png	cropped_nethack_uncropped_both_sides_ordered-150.png
157	nethack_uncropped_both_sides_ordered-151.png	pdf157__nethack_uncropped_both_sides_ordered-151.png	cropped_nethack_uncropped_both_sides_ordered-151.png
158	nethack_uncropped_both_sides_ordered-152.png	pdf158__nethack_uncropped_both_sides_ordered-152.png	cropped_nethack_uncropped_both_sides_ordered-152.png
159	nethack_uncropped_both_sides_ordered-153.png	pdf159__nethack_uncropped_both_sides_ordered-153.png	cropped_nethack_uncropped_both_sides_ordered-153.png
160	nethack_uncropped_both_sides_ordered-154.png	pdf160__nethack_uncropped_both_sides_ordered-154.png	cropped_nethack_uncropped_both_sides_ordered-154.png
161	nethack_uncropped_both_sides_ordered-155.png	pdf161__nethack_uncropped_both_sides_ordered-155.png	cropped_nethack_uncropped_both_sides_ordered-155.png
162	nethack_uncropped_both_sides_ordered-156.png	pdf162__nethack_uncropped_both_sides_ordered-156.png	cropped_nethack_uncropped_both_sides_ordered-156.png
163	nethack_uncropped_both_sides_ordered-157.png	pdf163__nethack_uncropped_both_sides_ordered-157.png	cropped_nethack_uncropped_both_sides_ordered-157.png
164	nethack_uncropped_both_sides_ordered-158.png	pdf164__nethack_uncropped_both_sides_ordered-158.png	cropped_nethack_uncropped_both_sides_ordered-158.png
165	nethack_uncropped_both_sides_ordered-159.png	pdf165__nethack_uncropped_both_sides_ordered-159.png	cropped_nethack_uncropped_both_sides_ordered-159.png
166	nethack_uncropped_both_sides_ordered-160.png	pdf166__nethack_uncropped_both_sides_ordered-160.png	cropped_nethack_uncropped_both_sides_ordered-160.png
167	nethack_uncropped_both_sides_ordered-161.png	pdf167__nethack_uncropped_both_sides_ordered-161.png	cropped_nethack_uncropped_both_sides_ordered-161.png
168	nethack_uncropped_both_sides_ordered-162.png	pdf168__nethack_uncropped_both_sides_ordered-162.png	cropped_nethack_uncropped_both_sides_ordered-162.png
169	nethack_uncropped_both_sides_ordered-163.png	pdf169__nethack_uncropped_both_sides_ordered-163.png	cropped_nethack_uncropped_both_sides_ordered-163.png
170	nethack_uncropped_both_sides_ordered-164.png	pdf170__nethack_uncropped_both_sides_ordered-164.png	cropped_nethack_uncropped_both_sides_ordered-164.png
171	nethack_uncropped_both_sides_ordered-165.png	pdf171__nethack_uncropped_both_sides_ordered-165.png	cropped_nethack_uncropped_both_sides_ordered-165.png
172	nethack_uncropped_both_sides_ordered-166.png	pdf172__nethack_uncropped_both_sides_ordered-166.png	cropped_nethack_uncropped_both_sides_ordered-166.png
173	nethack_uncropped_both_sides_ordered-167.png	pdf173__nethack_uncropped_both_sides_ordered-167.png	cropped_nethack_uncropped_both_sides_ordered-167.png
174	nethack_uncropped_both_sides_ordered-168.png	pdf174__nethack_uncropped_both_sides_ordered-168.png	cropped_nethack_uncropped_both_sides_ordered-168.png
175	nethack_uncropped_both_sides_ordered-169.png	pdf175__nethack_uncropped_both_sides_ordered-169.png	cropped_nethack_uncropped_both_sides_ordered-169.png
176	nethack_uncropped_both_sides_ordered-170.png	pdf176__nethack_uncropped_both_sides_ordered-170.png	cropped_nethack_uncropped_both_sides_ordered-170.png
177	nethack_uncropped_both_sides_ordered-171.png	pdf177__nethack_uncropped_both_sides_ordered-171.png	cropped_nethack_uncropped_both_sides_ordered-171.png
178	nethack_uncropped_both_sides_ordered-172.png	pdf178__nethack_uncropped_both_sides_ordered-172.png	cropped_nethack_uncropped_both_sides_ordered-172.png
179	nethack_uncropped_both_sides_ordered-173.png	pdf179__nethack_uncropped_both_sides_ordered-173.png	cropped_nethack_uncropped_both_sides_ordered-173.png
180	nethack_uncropped_both_sides_ordered-174.png	pdf180__nethack_uncropped_both_sides_ordered-174.png	cropped_nethack_uncropped_both_sides_ordered-174.png
181	nethack_uncropped_both_sides_ordered-175.png	pdf181__nethack_uncropped_both_sides_ordered-175.png	cropped_nethack_uncropped_both_sides_ordered-175.png
182	nethack_uncropped_both_sides_ordered-176.png	pdf182__nethack_uncropped_both_sides_ordered-176.png	cropped_nethack_uncropped_both_sides_ordered-176.png
183	nethack_uncropped_both_sides_ordered-177.png	pdf183__nethack_uncropped_both_sides_ordered-177.png	cropped_nethack_uncropped_both_sides_ordered-177.png
184	nethack_uncropped_both_sides_ordered-178.png	pdf184__nethack_uncropped_both_sides_ordered-178.png	cropped_nethack_uncropped_both_sides_ordered-178.png
185	nethack_uncropped_both_sides_ordered-179.png	pdf185__nethack_uncropped_both_sides_ordered-179.png	cropped_nethack_uncropped_both_sides_ordered-179.png
186	nethack_uncropped_both_sides_ordered-180.png	pdf186__nethack_uncropped_both_sides_ordered-180.png	cropped_nethack_uncropped_both_sides_ordered-180.png
187	nethack_uncropped_both_sides_ordered-181.png	pdf187__nethack_uncropped_both_sides_ordered-181.png	cropped_nethack_uncropped_both_sides_ordered-181.png
188	nethack_uncropped_both_sides_ordered-182.png	pdf188__nethack_uncropped_both_sides_ordered-182.png	cropped_nethack_uncropped_both_sides_ordered-182.png
189	nethack_uncropped_both_sides_ordered-183.png	pdf189__nethack_uncropped_both_sides_ordered-183.png	cropped_nethack_uncropped_both_sides_ordered-183.png
190	nethack_uncropped_both_sides_ordered-184.png	pdf190__nethack_uncropped_both_sides_ordered-184.png	cropped_nethack_uncropped_both_sides_ordered-184.png
191	nethack_uncropped_both_sides_ordered-185.png	pdf191__nethack_uncropped_both_sides_ordered-185.png	cropped_nethack_uncropped_both_sides_ordered-185.png
192	nethack_uncropped_both_sides_ordered-186.png	pdf192__nethack_uncropped_both_sides_ordered-186.png	cropped_nethack_uncropped_both_sides_ordered-186.png
193	nethack_uncropped_both_sides_ordered-187.png	pdf193__nethack_uncropped_both_sides_ordered-187.png	cropped_nethack_uncropped_both_sides_ordered-187.png
194	nethack_uncropped_both_sides_ordered-188.png	pdf194__nethack_uncropped_both_sides_ordered-188.png	cropped_nethack_uncropped_both_sides_ordered-188.png
195	nethack_uncropped_both_sides_ordered-189.png	pdf195__nethack_uncropped_both_sides_ordered-189.png	cropped_nethack_uncropped_both_sides_ordered-189.png
196	nethack_uncropped_both_sides_ordered-190.png	pdf196__nethack_uncropped_both_sides_ordered-190.png	cropped_nethack_uncropped_both_sides_ordered-190.png
197	nethack_uncropped_both_sides_ordered-191.png	pdf197__nethack_uncropped_both_sides_ordered-191.png	cropped_nethack_uncropped_both_sides_ordered-191.png
198	nethack_uncropped_both_sides_ordered-192.png	pdf198__nethack_uncropped_both_sides_ordered-192.png	cropped_nethack_uncropped_both_sides_ordered-192.png
199	nethack_uncropped_both_sides_ordered-193.png	pdf199__nethack_uncropped_both_sides_ordered-193.png	cropped_nethack_uncropped_both_sides_ordered-193.png
200	nethack_uncropped_both_sides_ordered-194.png	pdf200__nethack_uncropped_both_sides_ordered-194.png	cropped_nethack_uncropped_both_sides_ordered-194.png
201	nethack_uncropped_both_sides_ordered-195.png	pdf201__nethack_uncropped_both_sides_ordered-195.png	cropped_nethack_uncropped_both_sides_ordered-195.png
202	nethack_uncropped_both_sides_ordered-196.png	pdf202__nethack_uncropped_both_sides_ordered-196.png	cropped_nethack_uncropped_both_sides_ordered-196.png
203	nethack_uncropped_both_sides_ordered-197.png	pdf203__nethack_uncropped_both_sides_ordered-197.png	cropped_nethack_uncropped_both_sides_ordered-197.png
204	nethack_uncropped_both_sides_ordered-198.png	pdf204__nethack_uncropped_both_sides_ordered-198.png	cropped_nethack_uncropped_both_sides_ordered-198.png
205	nethack_uncropped_both_sides_ordered-199.png	pdf205__nethack_uncropped_both_sides_ordered-199.png	cropped_nethack_uncropped_both_sides_ordered-199.png
206	nethack_uncropped_both_sides_ordered-200.png	pdf206__nethack_uncropped_both_sides_ordered-200.png	cropped_nethack_uncropped_both_sides_ordered-200.png
207	nethack_uncropped_both_sides_ordered-201.png	pdf207__nethack_uncropped_both_sides_ordered-201.png	cropped_nethack_uncropped_both_sides_ordered-201.png
208	nethack_uncropped_both_sides_ordered-202.png	pdf208__nethack_uncropped_both_sides_ordered-202.png	cropped_nethack_uncropped_both_sides_ordered-202.png
209	nethack_uncropped_both_sides_ordered-203.png	pdf209__nethack_uncropped_both_sides_ordered-203.png	cropped_nethack_uncropped_both_sides_ordered-203.png
210	nethack_uncropped_both_sides_ordered-204.png	pdf210__nethack_uncropped_both_sides_ordered-204.png	cropped_nethack_uncropped_both_sides_ordered-204.png
211	nethack_uncropped_both_sides_ordered-205.png	pdf211__nethack_uncropped_both_sides_ordered-205.png	cropped_nethack_uncropped_both_sides_ordered-205.png
212	nethack_uncropped_both_sides_ordered-206.png	pdf212__nethack_uncropped_both_sides_ordered-206.png	cropped_nethack_uncropped_both_sides_ordered-206.png
213	nethack_uncropped_both_sides_ordered-207.png	pdf213__nethack_uncropped_both_sides_ordered-207.png	cropped_nethack_uncropped_both_sides_ordered-207.png
214	nethack_uncropped_both_sides_ordered-208.png	pdf214__nethack_uncropped_both_sides_ordered-208.png	cropped_nethack_uncropped_both_sides_ordered-208.png
215	nethack_uncropped_both_sides_ordered-209.png	pdf215__nethack_uncropped_both_sides_ordered-209.png	cropped_nethack_uncropped_both_sides_ordered-209.png
216	nethack_uncropped_both_sides_ordered-210.png	pdf216__nethack_uncropped_both_sides_ordered-210.png	cropped_nethack_uncropped_both_sides_ordered-210.png
217	nethack_uncropped_both_sides_ordered-211.png	pdf217__nethack_uncropped_both_sides_ordered-211.png	cropped_nethack_uncropped_both_sides_ordered-211.png
218	nethack_uncropped_both_sides_ordered-212.png	pdf218__nethack_uncropped_both_sides_ordered-212.png	cropped_nethack_uncropped_both_sides_ordered-212.png
219	nethack_uncropped_both_sides_ordered-213.png	pdf219__nethack_uncropped_both_sides_ordered-213.png	cropped_nethack_uncropped_both_sides_ordered-213.png
220	nethack_uncropped_both_sides_ordered-214.png	pdf220__nethack_uncropped_both_sides_ordered-214.png	cropped_nethack_uncropped_both_sides_ordered-214.png
221	nethack_uncropped_both_sides_ordered-215.png	pdf221__nethack_uncropped_both_sides_ordered-215.png	cropped_nethack_uncropped_both_sides_ordered-215.png
222	nethack_uncropped_both_sides_ordered-216.png	pdf222__nethack_uncropped_both_sides_ordered-216.png	cropped_nethack_uncropped_both_sides_ordered-216.png
223	nethack_uncropped_both_sides_ordered-217.png	pdf223__nethack_uncropped_both_sides_ordered-217.png	cropped_nethack_uncropped_both_sides_ordered-217.png
224	nethack_uncropped_both_sides_ordered-218.png	pdf224__nethack_uncropped_both_sides_ordered-218.png	cropped_nethack_uncropped_both_sides_ordered-218.png
225	nethack_uncropped_both_sides_ordered-219.png	pdf225__nethack_uncropped_both_sides_ordered-219.png	cropped_nethack_uncropped_both_sides_ordered-219.png
226	nethack_uncropped_both_sides_ordered-220.png	pdf226__nethack_uncropped_both_sides_ordered-220.png	cropped_nethack_uncropped_both_sides_ordered-220.png
227	nethack_uncropped_both_sides_ordered-221.png	pdf227__nethack_uncropped_both_sides_ordered-221.png	cropped_nethack_uncropped_both_sides_ordered-221.png
228	nethack_uncropped_both_sides_ordered-222.png	pdf228__nethack_uncropped_both_sides_ordered-222.png	cropped_nethack_uncropped_both_sides_ordered-222.png
229	nethack_uncropped_both_sides_ordered-223.png	pdf229__nethack_uncropped_both_sides_ordered-223.png	cropped_nethack_uncropped_both_sides_ordered-223.png
230	nethack_uncropped_both_sides_ordered-224.png	pdf230__nethack_uncropped_both_sides_ordered-224.png	cropped_nethack_uncropped_both_sides_ordered-224.png
231	nethack_uncropped_both_sides_ordered-225.png	pdf231__nethack_uncropped_both_sides_ordered-225.png	cropped_nethack_uncropped_both_sides_ordered-225.png
232	nethack_uncropped_both_sides_ordered-226.png	pdf232__nethack_uncropped_both_sides_ordered-226.png	cropped_nethack_uncropped_both_sides_ordered-226.png
233	nethack_uncropped_both_sides_ordered-227.png	pdf233__nethack_uncropped_both_sides_ordered-227.png	cropped_nethack_uncropped_both_sides_ordered-227.png
234	nethack_uncropped_both_sides_ordered-228.png	pdf234__nethack_uncropped_both_sides_ordered-228.png	cropped_nethack_uncropped_both_sides_ordered-228.png
235	nethack_uncropped_both_sides_ordered-229.png	pdf235__nethack_uncropped_both_sides_ordered-229.png	cropped_nethack_uncropped_both_sides_ordered-229.png
236	nethack_uncropped_both_sides_ordered-230.png	pdf236__nethack_uncropped_both_sides_ordered-230.png	cropped_nethack_uncropped_both_sides_ordered-230.png
237	nethack_uncropped_both_sides_ordered-231.png	pdf237__nethack_uncropped_both_sides_ordered-231.png	cropped_nethack_uncropped_both_sides_ordered-231.png
238	nethack_uncropped_both_sides_ordered-232.png	pdf238__nethack_uncropped_both_sides_ordered-232.png	cropped_nethack_uncropped_both_sides_ordered-232.png
239	nethack_uncropped_both_sides_ordered-233.png	pdf239__nethack_uncropped_both_sides_ordered-233.png	cropped_nethack_uncropped_both_sides_ordered-233.png
240	nethack_uncropped_both_sides_ordered-234.png	pdf240__nethack_uncropped_both_sides_ordered-234.png	cropped_nethack_uncropped_both_sides_ordered-234.png
241	nethack_uncropped_both_sides_ordered-235.png	pdf241__nethack_uncropped_both_sides_ordered-235.png	cropped_nethack_uncropped_both_sides_ordered-235.png
242	nethack_uncropped_both_sides_ordered-236.png	pdf242__nethack_uncropped_both_sides_ordered-236.png	cropped_nethack_uncropped_both_sides_ordered-236.png
243	nethack_uncropped_both_sides_ordered-237.png	pdf243__nethack_uncropped_both_sides_ordered-237.png	cropped_nethack_uncropped_both_sides_ordered-237.png
244	nethack_uncropped_both_sides_ordered-238.png	pdf244__nethack_uncropped_both_sides_ordered-238.png	cropped_nethack_uncropped_both_sides_ordered-238.png
245	nethack_uncropped_both_sides_ordered-239.png	pdf245__nethack_uncropped_both_sides_ordered-239.png	cropped_nethack_uncropped_both_sides_ordered-239.png
246	nethack_uncropped_both_sides_ordered-240.png	pdf246__nethack_uncropped_both_sides_ordered-240.png	cropped_nethack_uncropped_both_sides_ordered-240.png
247	nethack_uncropped_both_sides_ordered-241.png	pdf247__nethack_uncropped_both_sides_ordered-241.png	cropped_nethack_uncropped_both_sides_ordered-241.png
248	nethack_uncropped_both_sides_ordered-242.png	pdf248__nethack_uncropped_both_sides_ordered-242.png	cropped_nethack_uncropped_both_sides_ordered-242.png
249	nethack_uncropped_both_sides_ordered-243.png	pdf249__nethack_uncropped_both_sides_ordered-243.png	cropped_nethack_uncropped_both_sides_ordered-243.png
250	nethack_uncropped_both_sides_ordered-244.png	pdf250__nethack_uncropped_both_sides_ordered-244.png	cropped_nethack_uncropped_both_sides_ordered-244.png
251	nethack_uncropped_both_sides_ordered-245.png	pdf251__nethack_uncropped_both_sides_ordered-245.png	cropped_nethack_uncropped_both_sides_ordered-245.png
252	nethack_uncropped_both_sides_ordered-246.png	pdf252__nethack_uncropped_both_sides_ordered-246.png	cropped_nethack_uncropped_both_sides_ordered-246.png
253	nethack_uncropped_both_sides_ordered-247.png	pdf253__nethack_uncropped_both_sides_ordered-247.png	cropped_nethack_uncropped_both_sides_ordered-247.png
254	nethack_uncropped_both_sides_ordered-248.png	pdf254__nethack_uncropped_both_sides_ordered-248.png	cropped_nethack_uncropped_both_sides_ordered-248.png
255	nethack_uncropped_both_sides_ordered-249.png	pdf255__nethack_uncropped_both_sides_ordered-249.png	cropped_nethack_uncropped_both_sides_ordered-249.png
256	nethack_uncropped_both_sides_ordered-250.png	pdf256__nethack_uncropped_both_sides_ordered-250.png	cropped_nethack_uncropped_both_sides_ordered-250.png
257	nethack_uncropped_both_sides_ordered-251.png	pdf257__nethack_uncropped_both_sides_ordered-251.png	cropped_nethack_uncropped_both_sides_ordered-251.png
258	nethack_uncropped_both_sides_ordered-252.png	pdf258__nethack_uncropped_both_sides_ordered-252.png	cropped_nethack_uncropped_both_sides_ordered-252.png
259	nethack_uncropped_both_sides_ordered-253.png	pdf259__nethack_uncropped_both_sides_ordered-253.png	cropped_nethack_uncropped_both_sides_ordered-253.png
260	nethack_uncropped_both_sides_ordered-254.png	pdf260__nethack_uncropped_both_sides_ordered-254.png	cropped_nethack_uncropped_both_sides_ordered-254.png
261	nethack_uncropped_both_sides_ordered-255.png	pdf261__nethack_uncropped_both_sides_ordered-255.png	cropped_nethack_uncropped_both_sides_ordered-255.png
262	nethack_uncropped_both_sides_ordered-256.png	pdf262__nethack_uncropped_both_sides_ordered-256.png	cropped_nethack_uncropped_both_sides_ordered-256.png
263	nethack_uncropped_both_sides_ordered-257.png	pdf263__nethack_uncropped_both_sides_ordered-257.png	cropped_nethack_uncropped_both_sides_ordered-257.png
264	nethack_uncropped_both_sides_ordered-258.png	pdf264__nethack_uncropped_both_sides_ordered-258.png	cropped_nethack_uncropped_both_sides_ordered-258.png
265	nethack_uncropped_both_sides_ordered-259.png	pdf265__nethack_uncropped_both_sides_ordered-259.png	cropped_nethack_uncropped_both_sides_ordered-259.png
266	nethack_uncropped_both_sides_ordered-260.png	pdf266__nethack_uncropped_both_sides_ordered-260.png	cropped_nethack_uncropped_both_sides_ordered-260.png
267	nethack_uncropped_both_sides_ordered-261.png	pdf267__nethack_uncropped_both_sides_ordered-261.png	cropped_nethack_uncropped_both_sides_ordered-261.png
268	nethack_uncropped_both_sides_ordered-262.png	pdf268__nethack_uncropped_both_sides_ordered-262.png	cropped_nethack_uncropped_both_sides_ordered-262.png
269	nethack_uncropped_both_sides_ordered-263.png	pdf269__nethack_uncropped_both_sides_ordered-263.png	cropped_nethack_uncropped_both_sides_ordered-263.png
270	nethack_uncropped_both_sides_ordered-264.png	pdf270__nethack_uncropped_both_sides_ordered-264.png	cropped_nethack_uncropped_both_sides_ordered-264.png
271	nethack_uncropped_both_sides_ordered-265.png	pdf271__nethack_uncropped_both_sides_ordered-265.png	cropped_nethack_uncropped_both_sides_ordered-265.png
272	nethack_uncropped_both_sides_ordered-266.png	pdf272__nethack_uncropped_both_sides_ordered-266.png	cropped_nethack_uncropped_both_sides_ordered-266.png
273	nethack_uncropped_both_sides_ordered-267.png	pdf273__nethack_uncropped_both_sides_ordered-267.png	cropped_nethack_uncropped_both_sides_ordered-267.png
274	nethack_uncropped_both_sides_ordered-268.png	pdf274__nethack_uncropped_both_sides_ordered-268.png	cropped_nethack_uncropped_both_sides_ordered-268.png
